{
    "pose3d": [
        -6.1887,
        -8.70692,
        1.25138
    ],
    "rot4d": [
        -0.6787710826841651,
        -0.2810230342326825,
        -0.6784510826451845,
        2.59509
    ],
    "local_image_path": "/home/hostuser/workspace/colcon_ws/src/flying_camera/data/images/camera_img_250720094849.jpg"
}
