{
    "pose3d": [
        -3.69289,
        -7.62259,
        1.25018
    ],
    "rot4d": [
        -0.0011249104131663538,
        -0.9999993672879969,
        -4.1025415068152057e-07,
        1.57079
    ],
    "local_image_path": "/home/hostuser/workspace/colcon_ws/src/flying_camera/data/images/camera_img_250720094542.jpg"
}
