{
    "pose3d": [
        -7.17337,
        -4.45525,
        1.24658
    ],
    "rot4d": [
        0.6784298376894121,
        -0.2811449327376292,
        0.6787418376147679,
        2.59204
    ],
    "local_image_path": "/home/hostuser/workspace/colcon_ws/src/flying_camera/data/images/camera_img_250720095024.jpg"
}
