{
    "pose3d": [
        -6.80704,
        -7.23624,
        1.24972
    ],
    "rot4d": [
        0.7071087811829954,
        -5.446818314465185e-07,
        0.7071047811842331,
        3.14
    ],
    "local_image_path": "/home/hostuser/workspace/colcon_ws/src/flying_camera/data/images/camera_img_250720094908.jpg"
}
