{
    "pose3d": [
        -6.84213,
        -5.43851,
        1.24769
    ],
    "rot4d": [
        -0.24957712092775647,
        0.9353594532102933,
        -0.25062712143651383,
        -1.637265307179586
    ],
    "local_image_path": "/home/hostuser/workspace/colcon_ws/src/flying_camera/data/images/camera_img_250720095005.jpg"
}
