{
    "pose3d": [
        -4.91708,
        -7.11506,
        1.24953
    ],
    "rot4d": [
        0.6948568117542819,
        0.1861289495752547,
        0.6946438118119864,
        -2.7750553071795863
    ],
    "local_image_path": "/home/hostuser/workspace/colcon_ws/src/flying_camera/data/images/camera_img_250720094818.jpg"
}
