{
    "pose3d": [
        -5.75335,
        -6.78443,
        1.24922
    ],
    "rot4d": [
        -0.6211878913418235,
        0.47706391655198704,
        -0.6217198912487663,
        -2.250185307179586
    ],
    "local_image_path": "/home/hostuser/workspace/colcon_ws/src/flying_camera/data/images/camera_img_250720094946.jpg"
}
